{"answers":{"request0":{"relevance":{"docid":[6,19,0,1,2],"rank":[1.0,1.0,0.6666666865348816,0.6666666865348816,0.6666666865348816]},"result":true}}}